mes,ipc_base_2014_100,variacion
1968/02/01,"7,24427887174325E-11","0,0081366965012204"
1968/03/01,"7,25012574734594E-11","0,000807102502017765"
1968/04/01,"7,19750386692166E-11","-0,00725806451612898"
1968/05/01,"7,25597262294864E-11","0,00812347684809089"
1968/06/01,"7,27936012535944E-11","0,00322320709105561"
1968/07/01,"7,27936012535944E-11",0
1968/08/01,"7,30859450337293E-11","0,00401606425702816"
1968/09/01,"7,37875701060531E-11","0,00959999999999983"
1968/10/01,"7,43137889102959E-11","0,00713153724247229"
1968/11/01,"7,46061326904308E-11","0,0039339103068452"
1968/12/01,"7,50738827386467E-11","0,00626959247648906"
1969/01/01,"7,69448829315102E-11","0,0249221183800621"
1969/02/01,"7,74126329797261E-11","0,00607902735562327"
1969/03/01,"7,82896643201308E-11","0,0113293051359515"
1969/04/01,"7,81142580520498E-11","-0,00224047796863325"
1969/05/01,"7,88158831243736E-11","0,00898203592814362"
1969/06/01,"7,92836331725895E-11","0,00593471810089041"
1969/07/01,"7,98683207328594E-11","0,0073746312684364"
1969/08/01,"8,04530082931292E-11","0,00732064421669132"
1969/09/01,"8,23240084859927E-11","0,0232558139534884"
1969/10/01,"8,28502272902355E-11","0,00639204545454541"
1969/11/01,"8,29086960462625E-11","0,000705716302046522"
1969/12/01,"8,37857273866673E-11","0,0105782792665727"
1970/01/01,"8,489663375118E-11","0,0132588974180041"
1970/02/01,"8,58906026036387E-11","0,0117079889807163"
1970/03/01,"8,66506964319895E-11","0,00884955752212391"
1970/04/01,"8,66506964319895E-11",0
1970/05/01,"8,77031340404752E-11","0,012145748987854"
1970/06/01,"9,01588217936085E-11","0,0280000000000002"
1970/07/01,"9,1854415718391E-11","0,0188067444876783"
1970/08/01,"9,33161346190656E-11","0,0159134309357096"
1970/09/01,"9,58302911282259E-11","0,0269423558897244"
1970/10/01,"9,93384164898449E-11","0,036607687614399"
1970/11/01,"1,00741666634492E-10","0,0141259564449674"
1970/12/01,"1,02027979267086E-10","0,0127684271619271"
1971/01/01,"1,08634948698135E-10","0,0647564469914039"
1971/02/01,"1,10389011378945E-10","0,0161463939720128"
1971/03/01,"1,11850730279619E-10","0,013241525423729"
1971/04/01,"1,13897136740564E-10","0,0182958703606899"
1971/05/01,"1,1746373085821E-10","0,0313141683778233"
1971/06/01,"1,22784387656665E-10","0,0452961672473868"
1971/07/01,"1,26877200578554E-10","0,0333333333333332"
1971/08/01,"1,30970013500443E-10","0,0322580645161292"
1971/09/01,"1,35004357666305E-10","0,0308035714285715"
1971/10/01,"1,37050764127249E-10","0,0151580770896491"
1971/11/01,"1,39214108100248E-10","0,0157849829351537"
1971/12/01,"1,45236389971027E-10","0,0432591348173037"
1972/01/01,"1,6418026692377E-10","0,130434782608696"
1972/02/01,"1,72424361523574E-10","0,0502136752136753"
1972/03/01,"1,76107893153274E-10","0,0213631739572737"
1972/04/01,"1,82305581292134E-10","0,0351925630810095"
1972/05/01,"1,86749206750185E-10","0,0243745991019884"
1972/06/01,"1,97273582835042E-10","0,0563556668753913"
1972/07/01,"2,06160833751144E-10","0,045050385299348"
1972/08/01,"2,1107220925741E-10","0,0238230289279637"
1972/09/01,"2,13586365766571E-10","0,0119113573407201"
1972/10/01,"2,23993804339374E-10","0,0487270736381056"
1972/11/01,"2,32647180231367E-10","0,0386322109109893"
1972/12/01,"2,37792430761742E-10","0,0221161095752702"
1973/01/01,"2,53695932401081E-10","0,0668797639537744"
1973/02/01,"2,6883934021207E-10","0,059691173081355"
1973/03/01,"2,88426373481109E-10","0,0728577642453241"
1973/04/01,"2,96378124300779E-10","0,0275694303669167"
1973/05/01,"3,11638469623822E-10","0,0514894456500294"
1973/06/01,"3,09358188138769E-10","-0,00731707317073171"
1973/07/01,"3,04973031436746E-10","-0,0141750141750141"
1973/08/01,"3,08831969334527E-10","0,0126533742331287"
1973/09/01,"3,14035688620928E-10","0,0168496781522152"
1973/10/01,"3,19765626711572E-10","0,0182461366598399"
1973/11/01,"3,19765626711572E-10",0
1973/12/01,"3,21227345612247E-10","0,00457121960138962"
1974/01/01,"3,23975377145515E-10","0,00855478704040769"
1974/02/01,"3,26489533654676E-10","0,00776033207002347"
1974/03/01,"3,29471440212052E-10","0,00913323782234943"
1974/04/01,"3,39878878784855E-10","0,0315882874889086"
1974/05/01,"3,49935504821496E-10","0,0295888525718218"
1974/06/01,"3,6730072536151E-10","0,0496240601503759"
1974/07/01,"3,79345289103068E-10","0,0327921044253423"
1974/08/01,"3,90512821504222E-10","0,029438964241677"
1974/09/01,"4,08053448312317E-10","0,044916903728103"
1974/10/01,"4,18343949373067E-10","0,0252185126808999"
1974/11/01,"4,42725420636319E-10","0,0582809224318657"
1974/12/01,"4,6441732912233E-10","0,0489963021658744"
1975/01/01,"4,92073050723093E-10","0,0595492886818583"
1975/02/01,"5,44577993635324E-10","0,106701520912548"
1975/03/01,"5,81237903664243E-10","0,0673180158900579"
1975/04/01,"6,18833313789593E-10","0,0646816215672468"
1975/05/01,"6,37718721986309E-10","0,0305177626606199"
1975/06/01,"6,96947571841643E-10","0,0928761345924636"
1975/07/01,"9,863094454191841E-10","0,415184563758389"
1975/08/01,"1,31747647955602E-09","0,335763827138538"
1975/09/01,"1,49358437270929E-09","0,133670616429237"
1975/10/01,"1,62133860462825E-09","0,0855353298101391"
1975/11/01,"1,73804224165811E-09","0,0719798052650558"
1975/12/01,"1,89888978948834E-09","0,0925452465854808"
1976/01/01,"2,19789900781034E-09","0,157465283123441"
1976/02/01,"2,62197289527405E-09","0,192945119842516"
1976/03/01,"3,54671474059682E-09","0,352689322986353"
1976/04/01,"4,40193723500351E-09","0,241130893504781"
1976/05/01,"5,20529794281426E-09","0,182501627106937"
1976/06/01,"5,38959146181131E-09","0,0354049894975683"
1976/07/01,"5,62492820481992E-09","0,0436650430141354"
1976/08/01,"5,88634201301656E-09","0,0464741590786246"
1976/09/01,"6,51973404705687E-09","0,107603675192451"
1976/10/01,"7,10576638871533E-09","0,0898859274670876"
1976/11/01,"7,51645093104886E-09","0,057795953295867"
1976/12/01,"7,98577963567746E-09","0,0624402006923106"
1977/01/01,"8,95741342333387E-09","0,121670498308708"
1977/02/01,"9,88121976856021E-09","0,10313315926893"
1977/03/01,"1,04717542044327E-08","0,0597633136094675"
1977/04/01,"1,12318480327835E-08","0,0725851479620323"
1977/05/01,"1,18750043490803E-08","0,0572618427902134"
1977/06/01,"1,26467919286365E-08","0,0649926144756279"
1977/07/01,"1,38454014271897E-08","0,0947757743874247"
1977/08/01,"1,4827676528443E-08","0,0709459459459461"
1977/09/01,"1,66343610896768E-08","0,121845425867508"
1977/10/01,"1,86281456701969E-08","0,119859402460457"
1977/11/01,"2,06102364995117E-08","0,106403013182674"
1977/12/01,"2,1767917868846E-08","0,0561702127659576"
1978/01/01,"2,39137212150362E-08","0,0985764168681171"
1978/02/01,"2,61062995660481E-08","0,0916870415647921"
1978/03/01,"2,84625904339356E-08","0,0902575587905934"
1978/04/01,"3,15731282545711E-08","0,109285127362367"
1978/05/01,"3,48181442140687E-08","0,102777777777778"
1978/06/01,"3,72679850915993E-08","0,0703610411418976"
1978/07/01,"3,96301228350894E-08","0,0633824913711956"
1978/08/01,"4,20741168370173E-08","0,0616701091767482"
1978/09/01,"4,58570453519631E-08","0,0899110617009449"
1978/10/01,"4,98855426422223E-08","0,0878490373581538"
1978/11/01,"5,47150618900511E-08","0,0968120018752932"
1978/12/01,"5,92873186113612E-08","0,0835648642872409"
1979/01/01,"6,68824100192664E-08","0,12810650887574"
1979/02/01,"7,32788919286184E-08","0,0956377305708542"
1979/03/01,"8,03302239054726E-08","0,0962259634564748"
1979/04/01,"8,63291182738411E-08","0,0746779241575077"
1979/05/01,"9,27840689392201E-08","0,074771418896038"
1979/06/01,"1,00776747888109E-07","0,0861427941269142"
1979/07/01,"1,08582326817711E-07","0,0774541656996981"
1979/08/01,"1,1776776838955E-07","0,0845942598675356"
1979/09/01,"1,29636925863028E-07","0,100784430543144"
1979/10/01,"1,37360648534192E-07","0,0595796500090202"
1979/11/01,"1,46581171359648E-07","0,0671263780700635"
1979/12/01,"1,52778859498508E-07","0,0422816114878342"
1980/01/01,"1,62817944908341E-07","0,0657099119785687"
1980/02/01,"1,71781205207278E-07","0,0550508133730743"
1980/03/01,"1,81048503037554E-07","0,0539482641252553"
1980/04/01,"1,90122853972942E-07","0,0501211044727918"
1980/05/01,"1,99793586219805E-07","0,0508657010179292"
1980/06/01,"2,13364184493668E-07","0,067923092680928"
1980/07/01,"2,27653948466663E-07","0,0669735832511236"
1980/08/01,"2,34974236721241E-07","0,0321553318265873"
1980/09/01,"2,44738518977747E-07","0,0415546929431672"
1980/10/01,"2,5993454866916E-07","0,062090878685078"
1980/11/01,"2,73739021967131E-07","0,0531074971320602"
1980/12/01,"2,8305309480223E-07","0,0340253748558248"
1981/01/01,"2,98143880732794E-07","0,053314329387949"
1981/02/01,"3,10094894464709E-07","0,0400847191716347"
1981/03/01,"3,22905398910222E-07","0,0413115619579154"
1981/04/01,"3,43112200993147E-07","0,0625780868053669"
1981/05/01,"3,79468073490725E-07","0,105959136376804"
1981/06/01,"4,07889735795442E-07","0,0748986918537464"
1981/07/01,"4,58997275438628E-07","0,125297439866976"
1981/08/01,"4,9213151947912E-07","0,0721883240130949"
1981/09/01,"5,28183354445358E-07","0,0732565046928835"
1981/10/01,"5,64457370684498E-07","0,0686769394261424"
1981/11/01,"6,08957940896635E-07","0,0788377874456183"
1981/12/01,"6,68520062661324E-07","0,0978099106105559"
1982/01/01,"7,27351324975674E-07","0,0880022389756685"
1982/02/01,"7,71787579556182E-07","0,0610932475884247"
1982/03/01,"8,09792270973721E-07","0,0492424242424243"
1982/04/01,"8,54228525554228E-07","0,0548736462093862"
1982/05/01,"8,8287821600745E-07","0,0335386721423683"
1982/06/01,"9,27899158148228E-07","0,0509933774834437"
1982/07/01,"1,02437260559275E-06","0,103969754253308"
1982/08/01,"1,25006200385691E-06","0,220319634703196"
1982/09/01,"1,49036859112781E-06","0,192235734331151"
1982/10/01,"1,69383986210171E-06","0,13652412710867"
1982/11/01,"1,87977050626752E-06","0,109768726268554"
1982/12/01,"2,07739490163872E-06","0,105132192846034"
1983/01/01,"2,28203554773316E-06","0,0985083028426681"
1983/02/01,"2,63167870877453E-06","0,153215475275429"
1983/03/01,"2,98132186981589E-06","0,132859364585648"
1983/04/01,"3,26080252362487E-06","0,0937438713473229"
1983/05/01,"3,57244099324869E-06","0,0955710955710956"
1983/06/01,"4,03375947830159E-06","0,129132569558102"
1983/07/01,"4,65411297974788E-06","0,153790404406436"
1983/08/01,"5,4621511880408E-06","0,173618090452261"
1983/09/01,"6,71396725457851E-06","0,229180047099122"
1983/10/01,"8,10143083509883E-06","0,206653313594008"
1983/11/01,"9,49474129122185E-06","0,171983256351039"
1983/12/01,"1,07576664214047E-05","0,133013116571218"
1984/01/01,"1,22053528206328E-05","0,134572531115821"
1984/02/01,"1,38325383008638E-05","0,133317365269461"
1984/03/01,"1,65191776403036E-05","0,194226054611548"
1984/04/01,"1,99705883085765E-05","0,208933564577213"
1984/05/01,"2,40423524782956E-05","0,203888043096381"
1984/06/01,"2,88823961022093E-05","0,201313229571984"
1984/07/01,"3,37364722275695E-05","0,168063484351593"
1984/08/01,"4,0597780747336E-05","0,203379549393414"
1984/09/01,"5,20804597434753E-05","0,28284006624901"
1984/10/01,"6,4439585392459E-05","0,237308305453892"
1984/11/01,"7,59438978283283E-05","0,178528653867093"
1984/12/01,"9,00003714647754E-05","0,185090231584134"
1985/01/01,"0,000108693417454162","0,207699653736463"
1985/02/01,"0,000134887420154251","0,240989779451318"
1985/03/01,"0,000164297204435824","0,218032076289554"
1985/04/01,"0,000202886583413633","0,234875444839858"
1985/05/01,"0,000258724245419402","0,27521613832853"
1985/06/01,"0,000341808347733745","0,321129943502825"
1985/07/01,"0,000369581006846563","0,0812521382141636"
1985/08/01,"0,000380807008003743","0,0303749406739437"
1985/09/01,"0,000402498916489754","0,0569629970827579"
1985/10/01,"0,000413783386402962","0,0280360255665308"
1985/11/01,"0,000420390355834011","0,0159672177476333"
1985/12/01,"0,000432201044551462","0,028094575799722"
1986/01/01,"0,000449917077627638","0,0409902597402598"
1986/02/01,"0,000460499922468522","0,0235217673814165"
1986/03/01,"0,000475643330279511","0,0328847130523107"
1986/04/01,"0,000492950082063498","0,0363859864781808"
1986/05/01,"0,000514525053037455","0,0437670501719845"
1986/06/01,"0,000546039712535999","0,06125"
1986/07/01,"0,000570771996335413","0,0452939286861549"
1986/08/01,"0,000608601281484871","0,0662774021716861"
1986/09/01,"0,000660696943104914","0,0855990008646364"
1986/10/01,"0,000707998166730743","0,0715929203539822"
1986/11/01,"0,000747639983317038","0,055991411346932"
1986/12/01,"0,000781259518032553","0,0449675451630562"
1987/01/01,"0,000819439615718174","0,0488699296512498"
1987/02/01,"0,000874867996431754","0,0676418123439171"
1987/03/01,"0,000951462066827102","0,0875492882443358"
1987/04/01,"0,000982625913789484","0,0327536410004303"
1987/05/01,"0,00103062876248764","0,0488516006188267"
1987/06/01,"0,00109886180077113","0,0662052533045896"
1987/07/01,"0,00117200621456088","0,0665637969564754"
1987/08/01,"0,00131572241687521","0,122624095784485"
1987/09/01,"0,0015174396251683","0,153312891614451"
1987/10/01,"0,00180159777945944","0,187261588255693"
1987/11/01,"0,00205967886856255","0,143251225132249"
1987/12/01,"0,00215971891012472","0,0485706986118604"
1988/01/01,"0,00230536458138793","0,0674373274135036"
1988/02/01,"0,00254251385583338","0,102868447082097"
1988/03/01,"0,00293442992748225","0,154145107508336"
1988/04/01,"0,00334336040713497","0,139356021359688"
1988/05/01,"0,00387045624271823","0,157654506662936"
1988/06/01,"0,00452898984185014","0,170143662099491"
1988/07/01,"0,00567275564724999","0,252543248128066"
1988/08/01,"0,00723726262102002","0,275793119086393"
1988/09/01,"0,00794689791291952","0,0980529972531912"
1988/10/01,"0,00871897783625583","0,0971548812878447"
1988/11/01,"0,00930881064705604","0,067649307278604"
1988/12/01,"0,0100470371606527","0,079304063815087"
1989/01/01,"0,0108886949036612","0,083771735841151"
1989/02/01,"0,0119550480760813","0,0979321380436127"
1989/03/01,"0,0139113541839881","0,163638497767388"
1989/04/01,"0,0183745082065519","0,320828149692344"
1989/05/01,"0,0327150230597781","0,78045707085171"
1989/06/01,"0,0708215670503164","1,16480260218398"
1989/07/01,"0,209201092127035","1,95391786485612"
1989/08/01,"0,298045594753913","0,424684697979149"
1989/09/01,"0,325336763660848","0,0915670937175515"
1989/10/01,"0,343370457488518","0,0554308514806217"
1989/11/01,"0,364576958361993","0,0617598293941288"
1989/12/01,"0,519721814541889","0,425547617921181"
1990/01/01,"0,876071341899545","0,685654358518243"
1990/02/01,"1,43742548335791","0,640763045896705"
1990/03/01,"2,75554646401161","0,917001260875447"
1990/04/01,"3,17483246198179","0,152160743230497"
1990/05/01,"3,55873808017994","0,120921536111077"
1990/06/01,"3,96444260468763","0,114002355713455"
1990/07/01,"4,3480282818528","0,0967565217646513"
1990/08/01,"5,01404664184999","0,153177099324982"
1990/09/01,"5,75657341551496","0,148089323196045"
1990/10/01,"6,20617552195388","0,0781023838290962"
1990/11/01,"6,52877594783267","0,0519805514261738"
1990/12/01,"6,84215772188619","0,0480000809581398"
1991/01/01,"7,31893902956425","0,0696828876295805"
1991/02/01,"9,2739806336845","0,267120903210563"
1991/03/01,"10,3297559895768","0,113842738905182"
1991/04/01,"10,9185522662701","0,057000017937257"
1991/05/01,"11,1912661555378","0,02497711075764"
1991/06/01,"11,5941514920362","0,0359999780989013"
1991/07/01,"11,767136335055","0,0149200088628882"
1991/08/01,"11,9554104654311","0,0159999956671908"
1991/09/01,"12,1825630443149","0,0189999816016806"
1991/10/01,"12,3774841952199","0,0160000116720935"
1991/11/01,"12,4888827281404","0,00900009494364995"
1991/12/01,"12,588793729158","0,00799999513106919"
1992/01/01,"12,8864434904337","0,0236440256055828"
1992/02/01,"13,2153029381764","0,0255197990032583"
1992/03/01,"13,5456858478261","0,0250000254398519"
1992/04/01,"13,8302951470388","0,0210110659888307"
1992/05/01,"13,9548658136608","0,009007086638257"
1992/06/01,"14,0665328935778","0,0080020174617248"
1992/07/01,"14,2774650116957","0,0149953168782817"
1992/08/01,"14,4921602958891","0,015037353200831"
1992/09/01,"14,6623232028671","0,0117417212826603"
1992/10/01,"14,8660197539579","0,0138925154133174"
1992/11/01,"14,9849498227486","0,00800012853197951"
1992/12/01,"15,0918128173265","0,0071313548488332"
1993/01/01,"15,1969860063866","0,00696889037341486"
1993/02/01,"15,2852417286403","0,00580744907026931"
1993/03/01,"15,374713191738","0,00585345424600714"
1993/04/01,"15,4976888306957","0,00799856474875371"
1993/05/01,"15,6949103763378","0,0127258682114941"
1993/06/01,"15,8202669799784","0,00798708629961675"
1993/07/01,"15,8748204926955","0,00344833072578288"
1993/08/01,"15,8678819469491","-0,000437078690097237"
1993/09/01,"15,8996288443465","0,00200070163766153"
1993/10/01,"16,0586011822335","0,00999849364052685"
1993/11/01,"16,1276533093202","0,00430000884280424"
1993/12/01,"16,1914525448966","0,00395589081392167"
1994/01/01,"16,2206582732196","0,00180377444469859"
1994/02/01,"16,2733175736478","0,00324643424090176"
1994/03/01,"16,2724747465297","-5,17919664700939E-05"
1994/04/01,"16,2861410581571","0,000839842239140465"
1994/05/01,"16,3187159900775","0,00200016270300107"
1994/06/01,"16,4169780552376","0,00602143362381513"
1994/07/01,"16,4812471457375","0,00391479420168817"
1994/08/01,"16,5873832567406","0,00643981065659238"
1994/09/01,"16,5899011552501","0,000151796004865368"
1994/10/01,"16,7358330310741","0,0087964282884101"
1994/11/01,"16,8020363849608","0,00395578479803471"
1994/12/01,"16,8186504573922","0,000988813025438295"
1995/01/01,"16,982974732862","0,00977036034408085"
1995/02/01,"17,0547617944806","0,00422700161472189"
1995/03/01,"16,9865398652608","-0,0040001689875212"
1995/04/01,"17,1033060053908","0,00687403915431006"
1995/05/01,"17,1470609235574","0,00255827254407626"
1995/06/01,"17,1703079255474","0,00135574266013849"
1995/07/01,"17,2204956347208","0,00292293588391024"
1995/08/01,"17,1993619859173","-0,00122723812669212"
1995/09/01,"17,2162647185972","0,000982753470371689"
1995/10/01,"17,306852934935","0,00526178110168218"
1995/11/01,"17,2922131769885","-0,000845893704742751"
1995/12/01,"17,310742510461","0,00107154204513105"
1996/01/01,"17,3621185971006","0,00296787307699664"
1996/02/01,"17,3529487666866","-0,000528151582578795"
1996/03/01,"17,2752282957064","-0,00447880484320984"
1996/04/01,"17,3127695052949","0,00217312379008283"
1996/05/01,"17,2965705610314","-0,000935664525458457"
1996/06/01,"17,3314168287171","0,00201463449432127"
1996/07/01,"17,3664148812935","0,00201934169157925"
1996/08/01,"17,4145039714068","0,00276908564271894"
1996/09/01,"17,4868662486471","0,0041552878772313"
1996/10/01,"17,5056864057121","0,00107624526872829"
1996/11/01,"17,4693293053707","-0,00207687373684418"
1996/12/01,"17,4237728478934","-0,0026077965948712"
1997/01/01,"17,4943905343915","0,0040529503635367"
1997/02/01,"17,4427447313803","-0,0029521350234889"
1997/03/01,"17,4069502174094","-0,00205211476302647"
1997/04/01,"17,3632143015886","-0,00251255477120127"
1997/05/01,"17,3228959430263","-0,0023220561505477"
1997/06/01,"17,2918571022643","-0,0017917812855357"
1997/07/01,"17,28039266552","-0,000662996269079841"
1997/08/01,"17,3264421315481","0,0026648390993993"
1997/09/01,"17,3431278282055","0,000963019212529836"
1997/10/01,"17,3499293816566","0,000392175708930909"
1997/11/01,"17,3136734322631","-0,00208968858581415"
1997/12/01,"17,308555428173","-0,000295604749049105"
1998/01/01,"17,3264020804502","0,00103108848980482"
1998/02/01,"17,353184746586","0,00154577193876815"
1998/03/01,"17,4052097779487","0,00299801057399529"
1998/04/01,"17,4329912073749","0,00159615596598095"
1998/05/01,"17,4550477270235","0,00126521716131323"
1998/06/01,"17,5311774385585","0,0043614725508383"
1998/07/01,"17,6240749368844","0,00529898796880524"
1998/08/01,"17,6516941155127","0,00156712784796675"
1998/09/01,"17,6790456826446","0,001549515131688"
1998/10/01,"17,6182616223477","-0,00343819804462453"
1998/11/01,"17,6506026207752","0,00183565207060221"
1998/12/01,"17,5978717545897","-0,00298748248535452"
1999/01/01,"17,6190032985179","0,00120080110952836"
1999/02/01,"17,5614240276764","-0,0032680208900574"
1999/03/01,"17,5218431940026","-0,00225385103231834"
1999/04/01,"17,5061920435143","-0,00089323653425244"
1999/05/01,"17,4340173340432","-0,00412281033428918"
1999/06/01,"17,374569167884","-0,00340989486359555"
1999/07/01,"17,3203864640176","-0,00311850632627941"
1999/08/01,"17,204922481553","-0,00666636294198442"
1999/09/01,"17,0968205340348","-0,00628319875512939"
1999/10/01,"17,0829413961354","-0,000811796431493761"
1999/11/01,"17,038052885727","-0,00262768040745787"
1999/12/01,"16,9776523220009","-0,0035450391034243"
2000/01/01,"17,0925347742181","0,00676668658529755"
2000/02/01,"16,9444642867049","-0,00866287472683769"
2000/03/01,"16,9014278326124","-0,00253985333288065"
2000/04/01,"16,8627782892847","-0,0022867620245185"
2000/05/01,"16,8003044234698","-0,0037048382385797"
2000/06/01,"16,7268507099607","-0,00437216562614928"
2000/07/01,"16,7361512180444","0,000556022663498856"
2000/08/01,"16,6987385227816","-0,00223544199471803"
2000/09/01,"16,7063196401568","0,00045399341781871"
2000/10/01,"16,7039273325352","-0,000143197764266967"
2000/11/01,"16,655208183107","-0,00291662843464058"
2000/12/01,"16,632182836171","-0,00138247127762203"
2001/01/01,"16,602695990069","-0,00177287890546085"
2001/02/01,"16,6063719207604","0,000221405649637685"
2001/03/01,"16,5868859799706","-0,00117340144390676"
2001/04/01,"16,6023881520685","0,000934604127422745"
2001/05/01,"16,5085112436104","-0,00565442197822752"
2001/06/01,"16,4185815024029","-0,00544747735761464"
2001/07/01,"16,3675927128032","-0,00310555388674938"
2001/08/01,"16,2913254242853","-0,00465965214654052"
2001/09/01,"16,2288060113095","-0,00383758910632159"
2001/10/01,"16,166909875273","-0,00381396733643835"
2001/11/01,"16,1037895204228","-0,00390429311087837"
2001/12/01,"16,0890549846227","-0,000914973198165803"
2002/01/01,"16,4581423397621","0,0229402755781607"
2002/02/01,"16,9826609895172","0,0318698574193204"
2002/03/01,"17,7493758782692","0,0451469230425847"
2002/04/01,"19,5555973084866","0,101762531967599"
2002/05/01,"20,5312814022792","0,0498928300885626"
2002/06/01,"21,4848006338184","0,0464422659675448"
2002/07/01,"22,5841646812038","0,0511693855634359"
2002/08/01,"23,0816579610168","0,0220284118025011"
2002/09/01,"23,5467939880883","0,0201517598023935"
2002/10/01,"23,728746184219","0,0077272598648781"
2002/11/01,"23,9521178809942","0,00941354823559126"
2002/12/01,"24,1800934660878","0,00951797190654546"
2003/01/01,"24,5175509198105","0,013956002866409"
2003/02/01,"24,7036234676472","0,0075893611252309"
2003/03/01,"24,9534046829573","0,0101111165184806"
2003/04/01,"24,9661024011724","0,00050885714300164"
2003/05/01,"24,8586974012261","-0,00430203314159705"
2003/06/01,"24,7631650084098","-0,00384301684333443"
2003/07/01,"24,6795346909766","-0,00337720632256611"
2003/08/01,"24,816593816136","0,00555355386053824"
2003/09/01,"24,7563000748271","-0,00242957360528873"
2003/10/01,"24,8086110768756","0,00211303796974427"
2003/11/01,"25,0376405612966","0,00923185436344065"
2003/12/01,"25,1593273149964","0,00486015259312711"
2004/01/01,"25,2778711391847","0,0047117247096522"
2004/02/01,"25,3027627503443","0,00098471944185996"
2004/03/01,"25,4662730822615","0,00646215330438538"
2004/04/01,"25,6414896776979","0,00688033913994457"
2004/05/01,"25,871418762399","0,008967072022386"
2004/06/01,"26,1560085330472","0,0110001609599293"
2004/07/01,"26,3013004683364","0,00555482061055623"
2004/08/01,"26,4621125256318","0,00611422456045196"
2004/09/01,"26,6268434512998","0,00622516155913355"
2004/10/01,"26,7394070911216","0,0042274496422281"
2004/11/01,"26,818479652085","0,00295715461056667"
2004/12/01,"26,9527163734534","0,00500538147985563"
2005/01/01,"27,1291390623891","0,00654563668059405"
2005/02/01,"27,4163605702148","0,010587195825313"
2005/03/01,"27,6949478214317","0,0101613505739908"
2005/04/01,"27,884022096734","0,00682703128821349"
2005/05/01,"28,0874996823336","0,0072972824685642"
2005/06/01,"28,2339837955582","0,00521527778838848"
2005/07/01,"28,5032109005603","0,00953556915494147"
2005/08/01,"28,7383449908605","0,00824938955546228"
2005/09/01,"28,9890893035198","0,00872507838356995"
2005/10/01,"29,1826555297602","0,00667720962923912"
2005/11/01,"29,5290371977692","0,0118694362017804"
2005/12/01,"29,900888106073","0,0125927203726066"
2006/01/01,"30,4077259879391","0,0169505962521295"
2006/02/01,"30,657324542828","0,00820839266270212"
2006/03/01,"31,1030362479867","0,0145385062723269"
2006/04/01,"31,4468709919662","0,0110547002947921"
2006/05/01,"31,5767641174696","0,00413055803029083"
2006/06/01,"31,7575957235625","0,00572673011776081"
2006/07/01,"31,882395001007","0,00392974576950844"
2006/08/01,"32,0988835435126","0,00679022208020452"
2006/09/01,"32,3357474782541","0,00737919542965959"
2006/10/01,"32,6744883741746","0,0104757403906741"
2006/11/01,"33,0412454344195","0,0112245693351001"
2006/12/01,"33,5098794558435","0,0141833037847838"
2007/01/01,"33,8078695672924","0,00889260469711961"
2007/02/01,"34,0447335020339","0,00700617748982957"
2007/03/01,"34,5235552195758","0,0140644871698963"
2007/04/01,"34,9361569123512","0,0119513094798966"
2007/05/01,"35,249428567977","0,00896697528614143"
2007/06/01,"35,6569364126935","0,0115606936416184"
2007/07/01,"36,069538105469","0,0115714285714286"
2007/08/01,"36,415919773478","0,00960316339500067"
2007/09/01,"36,703722188809","0,00790320324520932"
2007/10/01,"37,0475569327886","0,00936784400804935"
2007/11/01,"37,0373692366707","-0,000274989687886862"
2007/12/01,"37,3302655000606","0,00790812818044295"
2008/01/01,"37,6180679153917","0,0077096267994814"
2008/02/01,"37,9568088113122","0,00900473933649293"
2008/03/01,"38,6164621349471","0,0173790511977454"
2008/04/01,"39,1844261935207","0,0147078221870465"
2008/05/01,"39,5511832537655","0,00935976600584976"
2008/06/01,"40,0503803635433","0,0126215467834374"
2008/07/01,"40,3636520191691","0,00782193958664545"
2008/08/01,"40,7355029274729","0,00921251892983355"
2008/09/01,"41,1149946078651","0,00931599349756174"
2008/10/01,"41,4206254914025","0,00743356253484473"
2008/11/01,"41,7568194632936","0,00811658365615187"
2008/12/01,"41,9631203096813","0,00494053064958822"
2009/01/01,"42,3095019776903","0,00825443068706"
2009/02/01,"42,6838998100236","0,00884902480134842"
2009/03/01,"43,0353753260916","0,00823438152634393"
2009/04/01,"43,3461000576879","0,0072202166064983"
2009/05/01,"43,5345724358693","0,00434808155590805"
2009/06/01,"43,7255917380801","0,00438776107178374"
2009/07/01,"44,0363164696765","0,00710624417520966"
2009/08/01,"44,4234489221571","0,00879120879120876"
2009/09/01,"44,785112134343","0,00814126820318784"
2009/10/01,"45,1391345744405","0,00790491355777978"
2009/11/01,"45,6026747478055","0,0102691417931502"
2009/12/01,"46,3107196280004","0,0155263892767383"
2010/01/01,"47,1231883934039","0,0175438596491229"
2010/02/01,"47,9891425634265","0,0183763917414332"
2010/03/01,"48,5189027615579","0,01103916781658"
2010/04/01,"49,1123360604263","0,012230971128609"
2010/05/01,"49,4663585005238","0,00720842192604887"
2010/06/01,"49,8331155607687","0,00741427247451343"
2010/07/01,"50,2992026581631","0,00935295921496482"
2010/08/01,"50,6685066424375","0,00734214390602039"
2010/09/01,"51,1422345119204","0,00934955262893333"
2010/10/01,"51,9903602137366","0,0165836653386453"
2010/11/01,"52,7289681822853","0,0142066330279724"
2010/12/01,"53,2052429757977","0,00903250736608219"
2011/01/01,"53,7859416545187","0,0109143130684539"
2011/02/01,"54,3360772448859","0,0102282413107302"
2011/03/01,"55,316642996235","0,0180463110527795"
2011/04/01,"55,9151701431624","0,0108200193379069"
2011/05/01,"56,4984157459129","0,0104309009747656"
2011/06/01,"56,9161112867473","0,0073930487310101"
2011/07/01,"57,4815284212914","0,00993421935830319"
2011/08/01,"58,1029778844841","0,0108112898223227"
2011/09/01,"58,8492266251211","0,0128435541138825"
2011/10/01,"59,2872975581914","0,00744395395135467"
2011/11/01,"59,8297923764702","0,00915027064180762"
2011/12/01,"60,6269795976969","0,0133242518411307"
2012/01/01,"61,1949436562705","0,00936817341623275"
2012/02/01,"61,8724254481117","0,0110708785949141"
2012/03/01,"62,817334263048","0,0152718890215287"
2012/04/01,"63,6934761291885","0,0139474537787869"
2012/05/01,"64,4728348822088","0,012236084452975"
2012/06/01,"65,1146597376373","0,0099549656316662"
2012/07/01,"65,7743130612721","0,0101306422592506"
2012/08/01,"66,4772640934081","0,0106873184898353"
2012/09/01,"67,2973736309","0,0123366920807633"
2012/10/01,"67,9264638661811","0,00934791658782119"
2012/11/01,"68,6243210502581","0,0102737157855268"
2012/12/01,"69,3018028420993","0,00987232779097402"
2013/01/01,"70,7637372350197","0,0210951855935315"
2013/02/01,"71,4972513555094","0,0103656780881085"
2013/03/01,"72,192561615557","0,00972499287546302"
2013/04/01,"72,997389608872","0,0111483506791321"
2013/05/01,"73,6315736922121","0,00868776386029801"
2013/06/01,"74,5433724947653","0,0123832583881009"
2013/07/01,"75,3948016097586","0,0114219290930682"
2013/08/01,"76,3705544450829","0,0129419113054341"
2013/09/01,"77,2874792752925","0,0120062612727125"
2013/10/01,"78,3622155001608","0,0139056964329256"
2013/11/01,"80,2964523601295","0,0246832845092892"
2013/12/01,"82,6099411073469","0,0288118426059651"
2014/01/01,"85,3804340391562","0,033537040393349"
2014/02/01,"90,3927689204034","0,0587058960012847"
2014/03/01,"93,3487950141201","0,0327020195201637"
2014/04/01,"95,4815806454618","0,0228474896865998"
2014/05/01,"97,9168064916415","0,0255046662373779"
2014/06/01,"99,9398214108231","0,0206605483947668"
2014/07/01,"101,114029899062","0,011749155358324"
2014/08/01,"103,696639522561","0,025541555668164"
2014/09/01,"106,047019454856","0,0226659218959915"
2014/10/01,"107,52813467446","0,0139665897940138"
2014/11/01,"108,943909542398","0,0131665528489289"
2014/12/01,"110,210060385055","0,0116220433797123"
2015/01/01,"113,702913936545","0,0316926924754997"
2015/02/01,"115,359230325919","0,0145670531390059"
2015/03/01,"117,497568685533","0,0185363438501882"
2015/04/01,"119,89210842914","0,0203794833407664"
2015/05/01,"121,33970414818","0,0120741534868816"
2015/06/01,"122,900797156979","0,0128654756475493"
2015/07/01,"125,163134616525","0,0184078338943277"
2015/08/01,"127,24670000216","0,016646797733362"
2015/09/01,"129,513802061056","0,0178165882404591"
2015/10/01,"131,127570002686","0,012460200503337"
2015/11/01,"133,96507941567","0,0216393044797949"
2015/12/01,"141,220497588905","0,054159025657152"
2016/01/01,"145,57509944216","0,0308354801717998"
2016/02/01,"150,091050650922","0,0310214537106062"
2016/03/01,"154,703590683108","0,0307316126589978"
2016/04/01,"161,676467200409","0,0450724930592239"
2016/05/01,"169,175700780278","0,0463841999378498"
2016/06/01,"173,688348484459","0,0266743254697208"
